facility_id,group,total_residents,acuity_index,total_staff,care_staff,support_staff,staff_per_resident,care_ratio,quality_rating,experience_rating,staffing_rating,compliance_rating,overall_rating,quality_score
O1L1,O1,187,0.5481283422459893,282,240,42,1.5080213903743316,0.851063829787234,3,3,3,5,4,3.0
O1L2,O1,80,0.678125,117,90,27,1.4625,0.7692307692307693,5,4,3,5,4,4.0
O1L3,O1,69,0.6823671497584541,101,83,18,1.463768115942029,0.8217821782178217,5,3,3,5,4,3.6666666666666665
O1L4,O1,80,0.5916666666666667,129,106,23,1.6125,0.8217054263565892,4,3,3,4,3,3.3333333333333335
O1L5,O1,63,0.6521164021164022,104,80,24,1.6507936507936507,0.7692307692307693,4,2,3,5,3,3.0
O1L6,O1,62,0.6989247311827956,87,67,20,1.403225806451613,0.7701149425287356,5,3,3,5,4,3.6666666666666665
O1L7,O1,112,0.6287202380952381,158,118,40,1.4107142857142858,0.7468354430379747,5,3,2,4,3,3.3333333333333335
O1L8,O1,104,0.5969551282051282,101,80,21,0.9711538461538461,0.7920792079207921,3,3,3,4,3,3.0
O1L9,O1,58,0.7341954022988505,198,156,42,3.413793103448276,0.7878787878787878,5,2,3,4,3,3.3333333333333335
